﻿<?xml version="1.0" encoding="UTF-8"?>
<DIYLayout>
    <Device name="Edge 840"/>
    <Designer time="01.05.2023 08:42" ver="3.4.4" ifver="C"/>
    <LayoutElement type="1" color="FFFFFF" x="0" y="87" x2="246" y2="323" eletype="RF" valuetype="FX" minval="false" maxonly="false" daynight="true" radius="1" stroke="1" nr_values="1"/>
    <LayoutElement type="1" color="C0C0C0" x="0" y="0" x2="246" y2="34" eletype="RF" valuetype="FX" minval="false" maxonly="false" daynight="true" radius="1" stroke="1" nr_values="1"/>
    <LayoutElement type="0" color="000000" x="61" y="0" fixedtext="false" maxonly="false" daynight="true" eletype="TM" text="$V°F" font="S_NR_MEDIUM" halignment="1" precision="1" nr_values="1" sampletext="18.4"/>
    <LayoutElement type="0" color="000000" x="184" y="0" fixedtext="false" maxonly="false" daynight="true" eletype="BV" text="$V%" font="S_NR_MEDIUM" halignment="1" precision="0" nr_values="1" sampletext="87"/>
    <LayoutElement type="1" color="BBFFDD" x="0" y="34" x2="246" y2="87" eletype="RF" valuetype="FX" minval="false" maxonly="false" daynight="true" radius="1" stroke="1" nr_values="1"/>
    <LayoutElement type="1" color="000000" x="246" y="34" x2="0" y2="34" eletype="LN" valuetype="FX" minval="false" maxonly="false" daynight="true" radius="1" stroke="1" nr_values="1"/>
    <LayoutElement type="0" color="000000" x="61" y="38" fixedtext="true" maxonly="false" daynight="true" eletype="FX" text="Front Index" font="S_MEDIUM" halignment="1" precision="0" nr_values="1" sampletext=""/>
    <LayoutElement type="0" color="000000" x="61" y="51" fixedtext="false" maxonly="false" daynight="true" eletype="U0" text="$V" font="S_NR_MEDIUM" halignment="1" precision="0" nr_values="1" sampletext="1"/>
    <LayoutElement type="1" color="000000" x="123" y="34" x2="123" y2="87" eletype="LN" valuetype="FX" minval="false" maxonly="false" daynight="true" radius="1" stroke="1" nr_values="1"/>
    <LayoutElement type="0" color="000000" x="184" y="38" fixedtext="true" maxonly="false" daynight="true" eletype="FX" text="Rear Index" font="S_MEDIUM" halignment="1" precision="0" nr_values="1" sampletext=""/>
    <LayoutElement type="0" color="000000" x="184" y="51" fixedtext="false" maxonly="false" daynight="true" eletype="U3" text="$V" font="S_NR_MEDIUM" halignment="1" precision="0" nr_values="1" sampletext="1"/>
    <LayoutElement type="1" color="000000" x="0" y="87" x2="246" y2="87" eletype="LN" valuetype="FX" minval="false" maxonly="false" daynight="true" radius="1" stroke="1" nr_values="1"/>
    <LayoutElement type="0" color="000000" x="61" y="89" fixedtext="true" maxonly="false" daynight="true" eletype="FX" text="AVG" font="LARGE" halignment="1" precision="0" nr_values="1" sampletext=""/>
    <LayoutElement type="0" color="000000" x="61" y="106" fixedtext="false" maxonly="false" daynight="true" eletype="AS" text="$V " font="NR_THAI_HOT" halignment="1" precision="1" nr_values="1" sampletext="34.76"/>
    <LayoutElement type="1" color="000000" x="123" y="88" x2="123" y2="162" eletype="LN" valuetype="FX" minval="false" maxonly="false" daynight="true" radius="1" stroke="1" nr_values="1"/>
    <LayoutElement type="0" color="000000" x="184" y="89" fixedtext="true" maxonly="false" daynight="true" eletype="FX" text="SPEED" font="LARGE" halignment="1" precision="0" nr_values="1" sampletext=""/>
    <LayoutElement type="0" color="000000" x="184" y="106" fixedtext="false" maxonly="false" daynight="true" eletype="CS" text="$V" font="NR_THAI_HOT" halignment="1" precision="1" nr_values="1" sampletext="45.34"/>
    <LayoutElement type="1" color="000000" x="0" y="162" x2="246" y2="162" eletype="LN" valuetype="FX" minval="false" maxonly="false" daynight="true" radius="1" stroke="1" nr_values="1"/>
    <LayoutElement type="1" color="80FFF0" x="0" y="163" x2="82" y2="221" eletype="RF" valuetype="CC" minval="false" maxonly="false" daynight="false" radius="1" stroke="1" nr_values="1"/>
    <LayoutElement type="0" color="000000" x="41" y="161" fixedtext="true" maxonly="false" daynight="false" eletype="FX" text="Cadence" font="LARGE" halignment="1" precision="0" nr_values="1" sampletext=""/>
    <LayoutElement type="0" color="000000" x="41" y="178" fixedtext="false" maxonly="false" daynight="false" eletype="CC" text="$V" font="NR_HOT" halignment="1" precision="0" nr_values="1" sampletext="167.34"/>
    <LayoutElement type="1" color="000000" x="82" y="162" x2="82" y2="221" eletype="LN" valuetype="FX" minval="false" maxonly="false" daynight="true" radius="1" stroke="1" nr_values="1"/>
    <LayoutElement type="0" color="0000FF" x="123" y="184" fixedtext="false" maxonly="false" daynight="true" eletype="CT" text="$H:$M" font="NR_MEDIUM" halignment="1" precision="0" nr_values="1" sampletext="63312"/>
    <LayoutElement type="0" color="000000" x="123" y="161" fixedtext="false" maxonly="false" daynight="true" eletype="SS" text="$H:$M" font="S_NR_MILD" halignment="1" precision="0" nr_values="1" sampletext="74567"/>
    <LayoutElement type="1" color="000000" x="162" y="162" x2="162" y2="221" eletype="LN" valuetype="FX" minval="false" maxonly="false" daynight="true" radius="1" stroke="1" nr_values="1"/>
    <LayoutElement type="1" color="80FFF1" x="163" y="163" x2="246" y2="221" eletype="RF" valuetype="HZ" minval="false" maxonly="false" daynight="false" radius="1" stroke="1" nr_values="1"/>
    <LayoutElement type="0" color="000000" x="204" y="161" fixedtext="true" maxonly="false" daynight="false" eletype="FX" text="HR" font="LARGE" halignment="1" precision="0" nr_values="1" sampletext=""/>
    <LayoutElement type="0" color="000000" x="204" y="180" fixedtext="false" maxonly="false" daynight="false" eletype="HR" text="$V" font="NR_HOT" halignment="1" precision="0" nr_values="1" sampletext="200"/>
    <LayoutElement type="1" color="000000" x="0" y="221" x2="246" y2="221" eletype="LN" valuetype="FX" minval="false" maxonly="false" daynight="true" radius="1" stroke="1" nr_values="1"/>
    <LayoutElement type="0" color="000000" x="61" y="273" fixedtext="true" maxonly="false" daynight="true" eletype="FX" text="Total Time" font="NR_MILD" halignment="1" precision="0" nr_values="1" sampletext=""/>
    <LayoutElement type="0" color="000000" x="61" y="295" fixedtext="false" maxonly="false" daynight="true" eletype="ET" text="$H:$M:$S" font="NR_MILD" halignment="1" precision="2" nr_values="1" sampletext="3356"/>
    <LayoutElement type="0" color="000000" x="61" y="221" fixedtext="true" maxonly="false" daynight="true" eletype="FX" text="Ride Time" font="NR_MILD" halignment="1" precision="0" nr_values="1" sampletext=""/>
    <LayoutElement type="0" color="000000" x="61" y="245" fixedtext="false" maxonly="false" daynight="true" eletype="TT" text="$H:$M:$S" font="NR_MILD" halignment="1" precision="2" nr_values="1" sampletext="4374"/>
    <LayoutElement type="0" color="000000" x="184" y="221" fixedtext="true" maxonly="false" daynight="true" eletype="FX" text="Dist." font="NR_MILD" halignment="1" precision="0" nr_values="1" sampletext=""/>
    <LayoutElement type="0" color="000000" x="184" y="245" fixedtext="false" maxonly="false" daynight="true" eletype="DS" text="$V" font="NR_MILD" halignment="1" precision="1" nr_values="1" sampletext="12.56"/>
    <LayoutElement type="1" color="000000" x="0" y="273" x2="246" y2="273" eletype="LN" valuetype="FX" minval="false" maxonly="false" daynight="true" radius="1" stroke="1" nr_values="1"/>
    <LayoutElement type="1" color="000000" x="123" y="221" x2="123" y2="322" eletype="LN" valuetype="FX" minval="false" maxonly="false" daynight="true" radius="1" stroke="1" nr_values="1"/>
    <LayoutElement type="0" color="000000" x="184" y="280" fixedtext="false" maxonly="false" daynight="true" eletype="CA" text="$V cal" font="NR_MEDIUM" halignment="1" precision="0" nr_values="1" sampletext="1563.77"/>
    <LayoutElement type="1" color="80FFF2" x="74" y="213" x2="0" y2="0" eletype="CF" valuetype="A1" minval="false" maxonly="false" daynight="false" radius="7" stroke="1" nr_values="1"/>
    <LayoutElement type="1" color="80FFF2" x="133" y="103" x2="0" y2="0" eletype="CF" valuetype="C1" minval="false" maxonly="false" daynight="false" radius="7" stroke="1" nr_values="1"/>
    <LayoutElement type="1" color="80FFF3" x="215" y="17" x2="0" y2="0" eletype="CF" valuetype="J2" minval="false" maxonly="false" daynight="false" radius="7" stroke="1" nr_values="1"/>
    <LayoutElement type="1" color="80FFF3" x="133" y="48" x2="0" y2="0" eletype="CF" valuetype="D1" minval="false" maxonly="false" daynight="false" radius="7" stroke="1" nr_values="1"/>
    <LayoutElement type="3" text="----------------- Seperator ------------------"/>
    <LayoutElement type="2" replDC="80FFF0" valDC00="900" colDC00="FF80FF" hideDC00="false" blinkDC00="false" valDC01="750" colDC01="00FF00" hideDC01="false" blinkDC01="false" valDC02="550" colDC02="FFFF00" hideDC02="false" blinkDC02="false" invertcolor="false"/>
    <LayoutElement type="2" replDC="80FFF1" valDC00="50" colDC00="FF0000" hideDC00="false" blinkDC00="false" valDC01="40" colDC01="FF8000" hideDC01="false" blinkDC01="false" valDC02="30" colDC02="00FF80" hideDC02="false" blinkDC02="false" valDC03="20" colDC03="00FFFF" hideDC03="false" blinkDC03="false" valDC04="10" colDC04="C0C0C0" hideDC04="false" blinkDC04="false" invertcolor="false"/>
    <LayoutElement type="2" replDC="80FFF2" valDC00="10" colDC00="80FF80" hideDC00="false" blinkDC00="false" valDC01="0" colDC01="FF0000" hideDC01="false" blinkDC01="false" invertcolor="false"/>
    <LayoutElement type="2" replDC="80FFF3" valDC00="1000" colDC00="00FF00" hideDC00="false" blinkDC00="false" valDC01="500" colDC01="FFFF00" hideDC01="false" blinkDC01="false" valDC02="250" colDC02="FF0000" hideDC02="false" blinkDC02="true" invertcolor="false"/>
</DIYLayout>
